{"information": {"muddsub1\\\\images\\\\val\\IMG_3123.jpg": {"shape": [480, 640], "labels": [[0.0, 0.4742189943790436, 0.5375000238418579, 0.9234380125999451, 0.574999988079071], [1.0, 0.4632810056209564, 0.3833329975605011, 0.03281300142407417, 0.2583329975605011]]}, "muddsub1\\\\images\\\\val\\IMG_3124.JPG": {"shape": [480, 640], "labels": [[0.0, 0.4468750059604645, 0.48750001192092896, 0.890625, 0.5791670083999634], [1.0, 0.4164060056209564, 0.33854201436042786, 0.039062000811100006, 0.26875001192092896]]}, "muddsub1\\\\images\\\\val\\IMG_3125.JPG": {"shape": [480, 640], "labels": [[0.0, 0.4000000059604645, 0.5, 0.796875, 0.5958330035209656], [1.0, 0.3218750059604645, 0.33958300948143005, 0.03750000149011612, 0.2750000059604645]]}, "muddsub1\\\\images\\\\val\\IMG_3126.JPG": {"shape": [480, 640], "labels": [[0.0, 0.450780987739563, 0.6333330273628235, 0.8984379768371582, 0.637499988079071], [1.0, 0.408594012260437, 0.4614579975605011, 0.03281300142407417, 0.28125]]}, "muddsub1\\\\images\\\\val\\IMG_3127.JPG": {"shape": [480, 640], "labels": [[0.0, 0.5382810235023499, 0.6927080154418945, 0.9234380125999451, 0.6020830273628235], [1.0, 0.5507810115814209, 0.5322920083999634, 0.042187999933958054, 0.28125]]}}, "image_hash": "60233f0d4249119073269e5c83f88cdf", "label_hash": "48e36578ea11a3eec497326fe601e7ff"}